id,sector,agency,title,date,facts,url,confidence,limitation
EMA-SES-C2,energy,EMA,"Singapore Energy Statistics, Energy Transformation",2025 data as at Jun 2025,"13,261 MW registered generation capacity in 1H 2025; natural gas 93.1% of fuel mix; solar PV 2.5%",https://www.ema.gov.sg/resources/singapore-energy-statistics/chapter2,A,"System totals; not component availability, fuel constraints or restoration"
EMA-SES-C4,energy,EMA,"Singapore Energy Statistics, Energy Balance",2024,"58 TWh consumption; industry 39.4%, commerce/services 40.2%, household 14.6%, transport 5.3%; 86.9% of gas supply used for power generation",https://www.ema.gov.sg/resources/singapore-energy-statistics/chapter4,A,Annual aggregate; no customer-to-component mapping
EMA-ASR-2425,energy,EMA,Annual and Sustainability Report 2024/25,FY2024/25,"2025 electricity consumption 57,936 GWh; generation 59,616 GWh; peak demand 8,045 MW; SAIDI 0.26 min; SAIFI 0.006",https://www.ema.gov.sg/content/dam/corporate/resources/corporate-publications/annual-reports/pdf-files/EMA-Annual-Sustainability-Report-2024-2025.pdf,A,Reliability history does not establish scenario restoration time
SINGSTAT-POP-2025,all,SingStat,Population Trends 2025,end-Jun 2025,"Total population 6,111,200; residents 4,204,500; non-residents 1,906,700",https://www.singstat.gov.sg/-/media/files/publications/population/population2025.ashx,A,Population is not equal to affected beneficiaries for every service component
PUB-ASR-2425,water,PUB,Annual and Sustainability Report 2024/25,2024,100% population served; domestic potable water 303.9m m3; non-domestic 213.7m m3; NEWater 148.3m m3; distribution loss 7.1%,https://www.pub.gov.sg/-/media/PUB/Publications/Report/PDF/PUB_ASR_2025.pdf,A,"System totals; no asset service areas, redundancy or restoration"
PUB-WATER-LOOP,water,PUB,Singapore Water Loop,current public page,About 440 million gallons/day demand; demand could almost double by 2065; integrated collect/reuse/desalinate system,https://www.pub.gov.sg/Public/WaterLoop,A,Public overview; no component-level allocation
PUB-FOUR-TAPS,water,PUB,Our Water Story,current public page,"Four National Taps: local catchment, imported water, NEWater and desalinated water",https://www.pub.gov.sg/Public/WaterLoop/OurWaterStory,A,Diversification is known; available substitute capacity is not
DGS-PUB-SENSORS,water,PUB/data.gov.sg,PUB Water Level Sensors,updated 13 Apr 2026,Public inventory of drain water-level sensor locations,https://data.gov.sg/datasets/d_31333fa5cf0834f012d840365b336610/view,A,"Sensor inventory does not identify criticality, drainage capacity or dependencies"
CAG-TRAFFIC,aviation,Changi Airport Group,Traffic Statistics,2025 full year,"69.98m passenger movements; 2.08m tonnes air freight; 374,000 commercial aircraft movements",https://www.changiairport.com/en/corporate/about-us/traffic-statistics.html,A,Monthly system flows; not simultaneous terminal occupancy or recovery
CAAS-AR-2425,aviation,CAAS,Annual Report 2024/25,FY2024/25,Around 100 airlines and about 170 city links as at 31 Mar 2025,https://www.caas.gov.sg/docs/default-source/default-document-library/caas_ar_fy24-25-desktop.pdf,A,Connectivity totals do not provide component continuity or authorised capability
CAAS-ATFM,aviation,CAAS,Singapore AIP ENR 1.9 Air Traffic Flow Management,valid 27 Nov 2025,ATFM unit operates 24 hours and balances demand and capacity,https://aim-sg.caas.gov.sg/aim-content/uploads/aip/27-NOV-2025/AIP-2/2025-11-27-000000/html/eAIP/SG-ENR-1.9-en-GB.html,A,"No public operational capacity, redundancy or disruption consequence values"
MPA-PERF-2025,port,MPA,Singapore Port Performance 2025,2025,3.22bn GT vessel arrivals; 44.66m TEU container throughput; 56.77m tonnes bunker sales,https://www.mpa.gov.sg/media-centre/details/singapore-posts-record-port-performance-in-2025-and-develops-future-readiness-through-industry-collaborations-for-2026,A,"Annual port aggregate; no terminal allocation, crew occupancy or recovery"
MPA-PORT-STATS,port,MPA,Port Statistics,current public statistics,"Cargo, container, bunker, vessel arrival and vessel-call series",https://www.mpa.gov.sg/who-we-are/newsroom-resources/research-and-statistics/port-statistics,A,Throughput is not a direct count of affected people or component loss
MPA-OCEANS-X,port,MPA,OCEANS-X Maritime Data Catalogue,current,"Static and dynamic vessel, cargo, port-clearance and weather datasets",https://oceans-x.mpa.gov.sg/,B,Registration/API access may be required; operational fields require governance review