profile_id,sector,profile_name,scenario_id,scenario_label,people_low,people_central,people_high,people_state,people_method,beneficiaries,loss_fraction,outage_hours,alternative_capacity_fraction,effective_service_person_hours,service_unit,H_low,H_central,H_high,H_state,H_confidence,E_low,E_central,E_high,E_state,E_confidence,D_low,D_central,D_high,D_state,D_confidence,X_low,X_central,X_high,X_state,X_confidence,R_low,R_central,R_high,R_state,R_confidence,A_low,A_central,A_high,A_state,A_confidence,policy_total_score,policy_total_status,numeric_dimensions,vector_numeric_coverage,scenario_notes,public_basis,score_status
ENE-ELEC,energy,Singapore electricity system,BASE,Normal baseline,,,,unavailable,Onsite workforce unavailable publicly,6111200,0,0,1,0,people served,,,,unavailable,E,0,0,0,derived_scenario,C,,,,unavailable,E,,,,unavailable,E,5,5,5,assumption,D,,,,unavailable,E,,unavailable: incomplete vector,2,0.3333333333333333,Reference operating state,"EMA system demand, generation, capacity and reliability","Full vector contract present; null is unavailable, not zero"
ENE-ELEC,energy,Singapore electricity system,PEAK,Peak demand or throughput,,,,unavailable,Onsite workforce unavailable publicly,6111200,0,0,1,0,people served,,,,unavailable,E,0,0,0,derived_scenario,C,,,,unavailable,E,,,,unavailable,E,5,5,5,assumption,D,,,,unavailable,E,,unavailable: incomplete vector,2,0.3333333333333333,High demand/throughput without service loss,"EMA system demand, generation, capacity and reliability","Full vector contract present; null is unavailable, not zero"
ENE-ELEC,energy,Singapore electricity system,PARTIAL_2H,"Partial disruption, 2 hours",,,,unavailable,Onsite workforce unavailable publicly,6111200,0.25,2,0.35,1986140,people served,,,,unavailable,E,80,80,80,derived_scenario,C,,,,unavailable,E,,,,unavailable,E,15,15,15,assumption,D,,,,unavailable,E,,unavailable: incomplete vector,2,0.3333333333333333,Research scenario; not a forecast,"EMA system demand, generation, capacity and reliability","Full vector contract present; null is unavailable, not zero"
ENE-ELEC,energy,Singapore electricity system,MAJOR_12H,"Major disruption, 12 hours",,,,unavailable,Onsite workforce unavailable publicly,6111200,0.6,12,0.2,35200512,people served,,,,unavailable,E,100,100,100,derived_scenario,C,,,,unavailable,E,,,,unavailable,E,30,30,30,assumption,D,,,,unavailable,E,,unavailable: incomplete vector,2,0.3333333333333333,Research scenario; not a forecast,"EMA system demand, generation, capacity and reliability","Full vector contract present; null is unavailable, not zero"
ENE-ELEC,energy,Singapore electricity system,SEVERE_72H,"Severe disruption, 72 hours",,,,unavailable,Onsite workforce unavailable publicly,6111200,0.85,72,0.1,336604896,people served,,,,unavailable,E,100,100,100,derived_scenario,C,,,,unavailable,E,,,,unavailable,E,50,50,75,assumption,D,,,,unavailable,E,,unavailable: incomplete vector,2,0.3333333333333333,Stress scenario; not a forecast,"EMA system demand, generation, capacity and reliability","Full vector contract present; null is unavailable, not zero"
ENE-ELEC,energy,Singapore electricity system,SUBSTITUTE,Disruption with strong substitution,,,,unavailable,Onsite workforce unavailable publicly,6111200,0.5,12,0.7,11000160,people served,,,,unavailable,E,80,100,100,derived_scenario,C,,,,unavailable,E,,,,unavailable,E,30,30,30,assumption,D,,,,unavailable,E,,unavailable: incomplete vector,2,0.3333333333333333,Tests effect of alternatives; capacity is assumed,"EMA system demand, generation, capacity and reliability","Full vector contract present; null is unavailable, not zero"
ENE-ELEC,energy,Singapore electricity system,PEAK_PARTIAL,Peak-state partial disruption,,,,unavailable,Onsite workforce unavailable publicly,6111200,0.35,6,0.25,9625140,people served,,,,unavailable,E,80,80,100,derived_scenario,C,,,,unavailable,E,,,,unavailable,E,30,30,30,assumption,D,,,,unavailable,E,,unavailable: incomplete vector,2,0.3333333333333333,Combined demand and disruption stress,"EMA system demand, generation, capacity and reliability","Full vector contract present; null is unavailable, not zero"
ENE-ELEC,energy,Singapore electricity system,RECOVERY,Recovery-constrained case,,,,unavailable,Onsite workforce unavailable publicly,6111200,0.5,24,0.2,58667520,people served,,,,unavailable,E,100,100,100,derived_scenario,C,,,,unavailable,E,,,,unavailable,E,75,75,100,assumption,D,,,,unavailable,E,,unavailable: incomplete vector,2,0.3333333333333333,90-day time-to-90% assumption,"EMA system demand, generation, capacity and reliability","Full vector contract present; null is unavailable, not zero"
ENE-GAS,energy,National natural-gas supply aggregate,BASE,Normal baseline,,,,unavailable,Onsite workforce unavailable publicly,6111200,0,0,1,0,people/service users,,,,unavailable,E,0,0,0,derived_scenario,D,,,,unavailable,E,,,,unavailable,E,5,5,5,assumption,D,,,,unavailable,E,,unavailable: incomplete vector,2,0.3333333333333333,Reference operating state,EMA natural-gas balance; component details withheld,"Full vector contract present; null is unavailable, not zero"
ENE-GAS,energy,National natural-gas supply aggregate,PEAK,Peak demand or throughput,,,,unavailable,Onsite workforce unavailable publicly,6111200,0,0,1,0,people/service users,,,,unavailable,E,0,0,0,derived_scenario,D,,,,unavailable,E,,,,unavailable,E,5,5,5,assumption,D,,,,unavailable,E,,unavailable: incomplete vector,2,0.3333333333333333,High demand/throughput without service loss,EMA natural-gas balance; component details withheld,"Full vector contract present; null is unavailable, not zero"
ENE-GAS,energy,National natural-gas supply aggregate,PARTIAL_2H,"Partial disruption, 2 hours",,,,unavailable,Onsite workforce unavailable publicly,6111200,0.25,2,0.35,1986140,people/service users,,,,unavailable,E,80,80,80,derived_scenario,D,,,,unavailable,E,,,,unavailable,E,15,15,15,assumption,D,,,,unavailable,E,,unavailable: incomplete vector,2,0.3333333333333333,Research scenario; not a forecast,EMA natural-gas balance; component details withheld,"Full vector contract present; null is unavailable, not zero"
ENE-GAS,energy,National natural-gas supply aggregate,MAJOR_12H,"Major disruption, 12 hours",,,,unavailable,Onsite workforce unavailable publicly,6111200,0.6,12,0.2,35200512,people/service users,,,,unavailable,E,100,100,100,derived_scenario,D,,,,unavailable,E,,,,unavailable,E,30,30,30,assumption,D,,,,unavailable,E,,unavailable: incomplete vector,2,0.3333333333333333,Research scenario; not a forecast,EMA natural-gas balance; component details withheld,"Full vector contract present; null is unavailable, not zero"
ENE-GAS,energy,National natural-gas supply aggregate,SEVERE_72H,"Severe disruption, 72 hours",,,,unavailable,Onsite workforce unavailable publicly,6111200,0.85,72,0.1,336604896,people/service users,,,,unavailable,E,100,100,100,derived_scenario,D,,,,unavailable,E,,,,unavailable,E,50,50,75,assumption,D,,,,unavailable,E,,unavailable: incomplete vector,2,0.3333333333333333,Stress scenario; not a forecast,EMA natural-gas balance; component details withheld,"Full vector contract present; null is unavailable, not zero"
ENE-GAS,energy,National natural-gas supply aggregate,SUBSTITUTE,Disruption with strong substitution,,,,unavailable,Onsite workforce unavailable publicly,6111200,0.5,12,0.7,11000160,people/service users,,,,unavailable,E,80,100,100,derived_scenario,D,,,,unavailable,E,,,,unavailable,E,30,30,30,assumption,D,,,,unavailable,E,,unavailable: incomplete vector,2,0.3333333333333333,Tests effect of alternatives; capacity is assumed,EMA natural-gas balance; component details withheld,"Full vector contract present; null is unavailable, not zero"
ENE-GAS,energy,National natural-gas supply aggregate,PEAK_PARTIAL,Peak-state partial disruption,,,,unavailable,Onsite workforce unavailable publicly,6111200,0.35,6,0.25,9625140,people/service users,,,,unavailable,E,80,80,100,derived_scenario,D,,,,unavailable,E,,,,unavailable,E,30,30,30,assumption,D,,,,unavailable,E,,unavailable: incomplete vector,2,0.3333333333333333,Combined demand and disruption stress,EMA natural-gas balance; component details withheld,"Full vector contract present; null is unavailable, not zero"
ENE-GAS,energy,National natural-gas supply aggregate,RECOVERY,Recovery-constrained case,,,,unavailable,Onsite workforce unavailable publicly,6111200,0.5,24,0.2,58667520,people/service users,,,,unavailable,E,100,100,100,derived_scenario,D,,,,unavailable,E,,,,unavailable,E,75,75,100,assumption,D,,,,unavailable,E,,unavailable: incomplete vector,2,0.3333333333333333,90-day time-to-90% assumption,EMA natural-gas balance; component details withheld,"Full vector contract present; null is unavailable, not zero"
ENE-SOLAR,energy,Distributed solar generation aggregate,BASE,Normal baseline,,,,unavailable,Distributed sites; no unified onsite occupancy,6111200,0,0,1,0,system beneficiaries,,,,unavailable,E,0,0,0,derived_scenario,D,,,,unavailable,E,,,,unavailable,E,5,5,5,assumption,D,,,,unavailable,E,,unavailable: incomplete vector,2,0.3333333333333333,Reference operating state,EMA technology capacity aggregate,"Full vector contract present; null is unavailable, not zero"
ENE-SOLAR,energy,Distributed solar generation aggregate,PEAK,Peak demand or throughput,,,,unavailable,Distributed sites; no unified onsite occupancy,6111200,0,0,1,0,system beneficiaries,,,,unavailable,E,0,0,0,derived_scenario,D,,,,unavailable,E,,,,unavailable,E,5,5,5,assumption,D,,,,unavailable,E,,unavailable: incomplete vector,2,0.3333333333333333,High demand/throughput without service loss,EMA technology capacity aggregate,"Full vector contract present; null is unavailable, not zero"
ENE-SOLAR,energy,Distributed solar generation aggregate,PARTIAL_2H,"Partial disruption, 2 hours",,,,unavailable,Distributed sites; no unified onsite occupancy,6111200,0.25,2,0.35,1986140,system beneficiaries,,,,unavailable,E,80,80,80,derived_scenario,D,,,,unavailable,E,,,,unavailable,E,15,15,15,assumption,D,,,,unavailable,E,,unavailable: incomplete vector,2,0.3333333333333333,Research scenario; not a forecast,EMA technology capacity aggregate,"Full vector contract present; null is unavailable, not zero"
ENE-SOLAR,energy,Distributed solar generation aggregate,MAJOR_12H,"Major disruption, 12 hours",,,,unavailable,Distributed sites; no unified onsite occupancy,6111200,0.6,12,0.2,35200512,system beneficiaries,,,,unavailable,E,100,100,100,derived_scenario,D,,,,unavailable,E,,,,unavailable,E,30,30,30,assumption,D,,,,unavailable,E,,unavailable: incomplete vector,2,0.3333333333333333,Research scenario; not a forecast,EMA technology capacity aggregate,"Full vector contract present; null is unavailable, not zero"
ENE-SOLAR,energy,Distributed solar generation aggregate,SEVERE_72H,"Severe disruption, 72 hours",,,,unavailable,Distributed sites; no unified onsite occupancy,6111200,0.85,72,0.1,336604896,system beneficiaries,,,,unavailable,E,100,100,100,derived_scenario,D,,,,unavailable,E,,,,unavailable,E,50,50,75,assumption,D,,,,unavailable,E,,unavailable: incomplete vector,2,0.3333333333333333,Stress scenario; not a forecast,EMA technology capacity aggregate,"Full vector contract present; null is unavailable, not zero"
ENE-SOLAR,energy,Distributed solar generation aggregate,SUBSTITUTE,Disruption with strong substitution,,,,unavailable,Distributed sites; no unified onsite occupancy,6111200,0.5,12,0.7,11000160,system beneficiaries,,,,unavailable,E,80,100,100,derived_scenario,D,,,,unavailable,E,,,,unavailable,E,30,30,30,assumption,D,,,,unavailable,E,,unavailable: incomplete vector,2,0.3333333333333333,Tests effect of alternatives; capacity is assumed,EMA technology capacity aggregate,"Full vector contract present; null is unavailable, not zero"
ENE-SOLAR,energy,Distributed solar generation aggregate,PEAK_PARTIAL,Peak-state partial disruption,,,,unavailable,Distributed sites; no unified onsite occupancy,6111200,0.35,6,0.25,9625140,system beneficiaries,,,,unavailable,E,80,80,100,derived_scenario,D,,,,unavailable,E,,,,unavailable,E,30,30,30,assumption,D,,,,unavailable,E,,unavailable: incomplete vector,2,0.3333333333333333,Combined demand and disruption stress,EMA technology capacity aggregate,"Full vector contract present; null is unavailable, not zero"
ENE-SOLAR,energy,Distributed solar generation aggregate,RECOVERY,Recovery-constrained case,,,,unavailable,Distributed sites; no unified onsite occupancy,6111200,0.5,24,0.2,58667520,system beneficiaries,,,,unavailable,E,100,100,100,derived_scenario,D,,,,unavailable,E,,,,unavailable,E,75,75,100,assumption,D,,,,unavailable,E,,unavailable: incomplete vector,2,0.3333333333333333,90-day time-to-90% assumption,EMA technology capacity aggregate,"Full vector contract present; null is unavailable, not zero"
WAT-POT,water,National potable-water supply system,BASE,Normal baseline,,,,unavailable,Onsite workforce unavailable publicly,6111200,0,0,1,0,people served,,,,unavailable,E,0,0,0,derived_scenario,C,,,,unavailable,E,,,,unavailable,E,5,5,5,assumption,D,,,,unavailable,E,,unavailable: incomplete vector,2,0.3333333333333333,Reference operating state,PUB 100% service and potable-water sales,"Full vector contract present; null is unavailable, not zero"
WAT-POT,water,National potable-water supply system,PEAK,Peak demand or throughput,,,,unavailable,Onsite workforce unavailable publicly,6111200,0,0,1,0,people served,,,,unavailable,E,0,0,0,derived_scenario,C,,,,unavailable,E,,,,unavailable,E,5,5,5,assumption,D,,,,unavailable,E,,unavailable: incomplete vector,2,0.3333333333333333,High demand/throughput without service loss,PUB 100% service and potable-water sales,"Full vector contract present; null is unavailable, not zero"
WAT-POT,water,National potable-water supply system,PARTIAL_2H,"Partial disruption, 2 hours",,,,unavailable,Onsite workforce unavailable publicly,6111200,0.25,2,0.35,1986140,people served,,,,unavailable,E,80,80,80,derived_scenario,C,,,,unavailable,E,,,,unavailable,E,15,15,15,assumption,D,,,,unavailable,E,,unavailable: incomplete vector,2,0.3333333333333333,Research scenario; not a forecast,PUB 100% service and potable-water sales,"Full vector contract present; null is unavailable, not zero"
WAT-POT,water,National potable-water supply system,MAJOR_12H,"Major disruption, 12 hours",,,,unavailable,Onsite workforce unavailable publicly,6111200,0.6,12,0.2,35200512,people served,,,,unavailable,E,100,100,100,derived_scenario,C,,,,unavailable,E,,,,unavailable,E,30,30,30,assumption,D,,,,unavailable,E,,unavailable: incomplete vector,2,0.3333333333333333,Research scenario; not a forecast,PUB 100% service and potable-water sales,"Full vector contract present; null is unavailable, not zero"
WAT-POT,water,National potable-water supply system,SEVERE_72H,"Severe disruption, 72 hours",,,,unavailable,Onsite workforce unavailable publicly,6111200,0.85,72,0.1,336604896,people served,,,,unavailable,E,100,100,100,derived_scenario,C,,,,unavailable,E,,,,unavailable,E,50,50,75,assumption,D,,,,unavailable,E,,unavailable: incomplete vector,2,0.3333333333333333,Stress scenario; not a forecast,PUB 100% service and potable-water sales,"Full vector contract present; null is unavailable, not zero"
WAT-POT,water,National potable-water supply system,SUBSTITUTE,Disruption with strong substitution,,,,unavailable,Onsite workforce unavailable publicly,6111200,0.5,12,0.7,11000160,people served,,,,unavailable,E,80,100,100,derived_scenario,C,,,,unavailable,E,,,,unavailable,E,30,30,30,assumption,D,,,,unavailable,E,,unavailable: incomplete vector,2,0.3333333333333333,Tests effect of alternatives; capacity is assumed,PUB 100% service and potable-water sales,"Full vector contract present; null is unavailable, not zero"
WAT-POT,water,National potable-water supply system,PEAK_PARTIAL,Peak-state partial disruption,,,,unavailable,Onsite workforce unavailable publicly,6111200,0.35,6,0.25,9625140,people served,,,,unavailable,E,80,80,100,derived_scenario,C,,,,unavailable,E,,,,unavailable,E,30,30,30,assumption,D,,,,unavailable,E,,unavailable: incomplete vector,2,0.3333333333333333,Combined demand and disruption stress,PUB 100% service and potable-water sales,"Full vector contract present; null is unavailable, not zero"
WAT-POT,water,National potable-water supply system,RECOVERY,Recovery-constrained case,,,,unavailable,Onsite workforce unavailable publicly,6111200,0.5,24,0.2,58667520,people served,,,,unavailable,E,100,100,100,derived_scenario,C,,,,unavailable,E,,,,unavailable,E,75,75,100,assumption,D,,,,unavailable,E,,unavailable: incomplete vector,2,0.3333333333333333,90-day time-to-90% assumption,PUB 100% service and potable-water sales,"Full vector contract present; null is unavailable, not zero"
WAT-NEW,water,NEWater supply aggregate,BASE,Normal baseline,,,,unavailable,Onsite workforce unavailable publicly,3666720,0,0,1,0,industrial/system users,,,,unavailable,E,0,0,0,derived_scenario,D,,,,unavailable,E,,,,unavailable,E,5,5,5,assumption,D,,,,unavailable,E,,unavailable: incomplete vector,2,0.3333333333333333,Reference operating state,PUB NEWater sales; beneficiary count is broad proxy,"Full vector contract present; null is unavailable, not zero"
WAT-NEW,water,NEWater supply aggregate,PEAK,Peak demand or throughput,,,,unavailable,Onsite workforce unavailable publicly,3666720,0,0,1,0,industrial/system users,,,,unavailable,E,0,0,0,derived_scenario,D,,,,unavailable,E,,,,unavailable,E,5,5,5,assumption,D,,,,unavailable,E,,unavailable: incomplete vector,2,0.3333333333333333,High demand/throughput without service loss,PUB NEWater sales; beneficiary count is broad proxy,"Full vector contract present; null is unavailable, not zero"
WAT-NEW,water,NEWater supply aggregate,PARTIAL_2H,"Partial disruption, 2 hours",,,,unavailable,Onsite workforce unavailable publicly,3666720,0.25,2,0.35,1191684,industrial/system users,,,,unavailable,E,60,80,80,derived_scenario,D,,,,unavailable,E,,,,unavailable,E,15,15,15,assumption,D,,,,unavailable,E,,unavailable: incomplete vector,2,0.3333333333333333,Research scenario; not a forecast,PUB NEWater sales; beneficiary count is broad proxy,"Full vector contract present; null is unavailable, not zero"
WAT-NEW,water,NEWater supply aggregate,MAJOR_12H,"Major disruption, 12 hours",,,,unavailable,Onsite workforce unavailable publicly,3666720,0.6,12,0.2,21120307,industrial/system users,,,,unavailable,E,100,100,100,derived_scenario,D,,,,unavailable,E,,,,unavailable,E,30,30,30,assumption,D,,,,unavailable,E,,unavailable: incomplete vector,2,0.3333333333333333,Research scenario; not a forecast,PUB NEWater sales; beneficiary count is broad proxy,"Full vector contract present; null is unavailable, not zero"
WAT-NEW,water,NEWater supply aggregate,SEVERE_72H,"Severe disruption, 72 hours",,,,unavailable,Onsite workforce unavailable publicly,3666720,0.85,72,0.1,201962938,industrial/system users,,,,unavailable,E,100,100,100,derived_scenario,D,,,,unavailable,E,,,,unavailable,E,50,50,75,assumption,D,,,,unavailable,E,,unavailable: incomplete vector,2,0.3333333333333333,Stress scenario; not a forecast,PUB NEWater sales; beneficiary count is broad proxy,"Full vector contract present; null is unavailable, not zero"
WAT-NEW,water,NEWater supply aggregate,SUBSTITUTE,Disruption with strong substitution,,,,unavailable,Onsite workforce unavailable publicly,3666720,0.5,12,0.7,6600096,industrial/system users,,,,unavailable,E,80,80,80,derived_scenario,D,,,,unavailable,E,,,,unavailable,E,30,30,30,assumption,D,,,,unavailable,E,,unavailable: incomplete vector,2,0.3333333333333333,Tests effect of alternatives; capacity is assumed,PUB NEWater sales; beneficiary count is broad proxy,"Full vector contract present; null is unavailable, not zero"
WAT-NEW,water,NEWater supply aggregate,PEAK_PARTIAL,Peak-state partial disruption,,,,unavailable,Onsite workforce unavailable publicly,3666720,0.35,6,0.25,5775084,industrial/system users,,,,unavailable,E,80,80,80,derived_scenario,D,,,,unavailable,E,,,,unavailable,E,30,30,30,assumption,D,,,,unavailable,E,,unavailable: incomplete vector,2,0.3333333333333333,Combined demand and disruption stress,PUB NEWater sales; beneficiary count is broad proxy,"Full vector contract present; null is unavailable, not zero"
WAT-NEW,water,NEWater supply aggregate,RECOVERY,Recovery-constrained case,,,,unavailable,Onsite workforce unavailable publicly,3666720,0.5,24,0.2,35200512,industrial/system users,,,,unavailable,E,100,100,100,derived_scenario,D,,,,unavailable,E,,,,unavailable,E,75,75,100,assumption,D,,,,unavailable,E,,unavailable: incomplete vector,2,0.3333333333333333,90-day time-to-90% assumption,PUB NEWater sales; beneficiary count is broad proxy,"Full vector contract present; null is unavailable, not zero"
WAT-USED,water,Used-water and sanitation system,BASE,Normal baseline,,,,unavailable,Onsite workforce unavailable publicly,6111200,0,0,1,0,people served,,,,unavailable,E,0,0,0,derived_scenario,C,,,,unavailable,E,,,,unavailable,E,5,5,5,assumption,D,,,,unavailable,E,,unavailable: incomplete vector,2,0.3333333333333333,Reference operating state,PUB reports 100% population served by modern sanitation,"Full vector contract present; null is unavailable, not zero"
WAT-USED,water,Used-water and sanitation system,PEAK,Peak demand or throughput,,,,unavailable,Onsite workforce unavailable publicly,6111200,0,0,1,0,people served,,,,unavailable,E,0,0,0,derived_scenario,C,,,,unavailable,E,,,,unavailable,E,5,5,5,assumption,D,,,,unavailable,E,,unavailable: incomplete vector,2,0.3333333333333333,High demand/throughput without service loss,PUB reports 100% population served by modern sanitation,"Full vector contract present; null is unavailable, not zero"
WAT-USED,water,Used-water and sanitation system,PARTIAL_2H,"Partial disruption, 2 hours",,,,unavailable,Onsite workforce unavailable publicly,6111200,0.25,2,0.35,1986140,people served,,,,unavailable,E,80,80,80,derived_scenario,C,,,,unavailable,E,,,,unavailable,E,15,15,15,assumption,D,,,,unavailable,E,,unavailable: incomplete vector,2,0.3333333333333333,Research scenario; not a forecast,PUB reports 100% population served by modern sanitation,"Full vector contract present; null is unavailable, not zero"
WAT-USED,water,Used-water and sanitation system,MAJOR_12H,"Major disruption, 12 hours",,,,unavailable,Onsite workforce unavailable publicly,6111200,0.6,12,0.2,35200512,people served,,,,unavailable,E,100,100,100,derived_scenario,C,,,,unavailable,E,,,,unavailable,E,30,30,30,assumption,D,,,,unavailable,E,,unavailable: incomplete vector,2,0.3333333333333333,Research scenario; not a forecast,PUB reports 100% population served by modern sanitation,"Full vector contract present; null is unavailable, not zero"
WAT-USED,water,Used-water and sanitation system,SEVERE_72H,"Severe disruption, 72 hours",,,,unavailable,Onsite workforce unavailable publicly,6111200,0.85,72,0.1,336604896,people served,,,,unavailable,E,100,100,100,derived_scenario,C,,,,unavailable,E,,,,unavailable,E,50,50,75,assumption,D,,,,unavailable,E,,unavailable: incomplete vector,2,0.3333333333333333,Stress scenario; not a forecast,PUB reports 100% population served by modern sanitation,"Full vector contract present; null is unavailable, not zero"
WAT-USED,water,Used-water and sanitation system,SUBSTITUTE,Disruption with strong substitution,,,,unavailable,Onsite workforce unavailable publicly,6111200,0.5,12,0.7,11000160,people served,,,,unavailable,E,80,100,100,derived_scenario,C,,,,unavailable,E,,,,unavailable,E,30,30,30,assumption,D,,,,unavailable,E,,unavailable: incomplete vector,2,0.3333333333333333,Tests effect of alternatives; capacity is assumed,PUB reports 100% population served by modern sanitation,"Full vector contract present; null is unavailable, not zero"
WAT-USED,water,Used-water and sanitation system,PEAK_PARTIAL,Peak-state partial disruption,,,,unavailable,Onsite workforce unavailable publicly,6111200,0.35,6,0.25,9625140,people served,,,,unavailable,E,80,80,100,derived_scenario,C,,,,unavailable,E,,,,unavailable,E,30,30,30,assumption,D,,,,unavailable,E,,unavailable: incomplete vector,2,0.3333333333333333,Combined demand and disruption stress,PUB reports 100% population served by modern sanitation,"Full vector contract present; null is unavailable, not zero"
WAT-USED,water,Used-water and sanitation system,RECOVERY,Recovery-constrained case,,,,unavailable,Onsite workforce unavailable publicly,6111200,0.5,24,0.2,58667520,people served,,,,unavailable,E,100,100,100,derived_scenario,C,,,,unavailable,E,,,,unavailable,E,75,75,100,assumption,D,,,,unavailable,E,,unavailable: incomplete vector,2,0.3333333333333333,90-day time-to-90% assumption,PUB reports 100% population served by modern sanitation,"Full vector contract present; null is unavailable, not zero"
WAT-DRAIN,water,Stormwater and drainage monitoring system,BASE,Normal baseline,,,,unavailable,Distributed outdoor workforce/road users not quantified,6111200,0,0,1,0,population exposure proxy,,,,unavailable,E,0,0,0,derived_scenario,D,,,,unavailable,E,,,,unavailable,E,5,5,5,assumption,D,,,,unavailable,E,,unavailable: incomplete vector,2,0.3333333333333333,Reference operating state,PUB water-level sensor inventory and flood-resilience reporting,"Full vector contract present; null is unavailable, not zero"
WAT-DRAIN,water,Stormwater and drainage monitoring system,PEAK,Peak demand or throughput,,,,unavailable,Distributed outdoor workforce/road users not quantified,6111200,0,0,1,0,population exposure proxy,,,,unavailable,E,0,0,0,derived_scenario,D,,,,unavailable,E,,,,unavailable,E,5,5,5,assumption,D,,,,unavailable,E,,unavailable: incomplete vector,2,0.3333333333333333,High demand/throughput without service loss,PUB water-level sensor inventory and flood-resilience reporting,"Full vector contract present; null is unavailable, not zero"
WAT-DRAIN,water,Stormwater and drainage monitoring system,PARTIAL_2H,"Partial disruption, 2 hours",,,,unavailable,Distributed outdoor workforce/road users not quantified,6111200,0.25,2,0.35,1986140,population exposure proxy,,,,unavailable,E,80,80,80,derived_scenario,D,,,,unavailable,E,,,,unavailable,E,15,15,15,assumption,D,,,,unavailable,E,,unavailable: incomplete vector,2,0.3333333333333333,Research scenario; not a forecast,PUB water-level sensor inventory and flood-resilience reporting,"Full vector contract present; null is unavailable, not zero"
WAT-DRAIN,water,Stormwater and drainage monitoring system,MAJOR_12H,"Major disruption, 12 hours",,,,unavailable,Distributed outdoor workforce/road users not quantified,6111200,0.6,12,0.2,35200512,population exposure proxy,,,,unavailable,E,100,100,100,derived_scenario,D,,,,unavailable,E,,,,unavailable,E,30,30,30,assumption,D,,,,unavailable,E,,unavailable: incomplete vector,2,0.3333333333333333,Research scenario; not a forecast,PUB water-level sensor inventory and flood-resilience reporting,"Full vector contract present; null is unavailable, not zero"
WAT-DRAIN,water,Stormwater and drainage monitoring system,SEVERE_72H,"Severe disruption, 72 hours",,,,unavailable,Distributed outdoor workforce/road users not quantified,6111200,0.85,72,0.1,336604896,population exposure proxy,,,,unavailable,E,100,100,100,derived_scenario,D,,,,unavailable,E,,,,unavailable,E,50,50,75,assumption,D,,,,unavailable,E,,unavailable: incomplete vector,2,0.3333333333333333,Stress scenario; not a forecast,PUB water-level sensor inventory and flood-resilience reporting,"Full vector contract present; null is unavailable, not zero"
WAT-DRAIN,water,Stormwater and drainage monitoring system,SUBSTITUTE,Disruption with strong substitution,,,,unavailable,Distributed outdoor workforce/road users not quantified,6111200,0.5,12,0.7,11000160,population exposure proxy,,,,unavailable,E,80,100,100,derived_scenario,D,,,,unavailable,E,,,,unavailable,E,30,30,30,assumption,D,,,,unavailable,E,,unavailable: incomplete vector,2,0.3333333333333333,Tests effect of alternatives; capacity is assumed,PUB water-level sensor inventory and flood-resilience reporting,"Full vector contract present; null is unavailable, not zero"
WAT-DRAIN,water,Stormwater and drainage monitoring system,PEAK_PARTIAL,Peak-state partial disruption,,,,unavailable,Distributed outdoor workforce/road users not quantified,6111200,0.35,6,0.25,9625140,population exposure proxy,,,,unavailable,E,80,80,100,derived_scenario,D,,,,unavailable,E,,,,unavailable,E,30,30,30,assumption,D,,,,unavailable,E,,unavailable: incomplete vector,2,0.3333333333333333,Combined demand and disruption stress,PUB water-level sensor inventory and flood-resilience reporting,"Full vector contract present; null is unavailable, not zero"
WAT-DRAIN,water,Stormwater and drainage monitoring system,RECOVERY,Recovery-constrained case,,,,unavailable,Distributed outdoor workforce/road users not quantified,6111200,0.5,24,0.2,58667520,population exposure proxy,,,,unavailable,E,100,100,100,derived_scenario,D,,,,unavailable,E,,,,unavailable,E,75,75,100,assumption,D,,,,unavailable,E,,unavailable: incomplete vector,2,0.3333333333333333,90-day time-to-90% assumption,PUB water-level sensor inventory and flood-resilience reporting,"Full vector contract present; null is unavailable, not zero"
AVI-PAX,aviation,Changi passenger airport system,BASE,Normal baseline,14400,24000,36000,derived,Annual passengers / 365 x assumed 3-hour dwell / 24; low/high vary by 0.6/1.5,191726.02739726027,0,0,1,0,passenger movements,61.5,64.8,67.4,derived,D,0,0,0,derived_scenario,D,,,,unavailable,E,,,,unavailable,E,5,5,5,assumption,D,,,,unavailable,E,,unavailable: incomplete vector,3,0.5,Reference operating state,CAG passenger movements; dwell time is explicit assumption,"Full vector contract present; null is unavailable, not zero"
AVI-PAX,aviation,Changi passenger airport system,PEAK,Peak demand or throughput,18000,30000,45000,derived,Annual passengers / 365 x assumed 3-hour dwell / 24; low/high vary by 0.6/1.5,191726.02739726027,0,0,1,0,passenger movements,63,66.3,68.9,derived,D,0,0,0,derived_scenario,D,,,,unavailable,E,,,,unavailable,E,5,5,5,assumption,D,,,,unavailable,E,,unavailable: incomplete vector,3,0.5,High demand/throughput without service loss,CAG passenger movements; dwell time is explicit assumption,"Full vector contract present; null is unavailable, not zero"
AVI-PAX,aviation,Changi passenger airport system,PARTIAL_2H,"Partial disruption, 2 hours",14400,24000,36000,derived,Annual passengers / 365 x assumed 3-hour dwell / 24; low/high vary by 0.6/1.5,191726.02739726027,0.25,2,0.35,62311,passenger movements,61.5,64.8,67.4,derived,D,40,40,40,derived_scenario,D,,,,unavailable,E,,,,unavailable,E,15,15,15,assumption,D,,,,unavailable,E,,unavailable: incomplete vector,3,0.5,Research scenario; not a forecast,CAG passenger movements; dwell time is explicit assumption,"Full vector contract present; null is unavailable, not zero"
AVI-PAX,aviation,Changi passenger airport system,MAJOR_12H,"Major disruption, 12 hours",14400,24000,36000,derived,Annual passengers / 365 x assumed 3-hour dwell / 24; low/high vary by 0.6/1.5,191726.02739726027,0.6,12,0.2,1104342,passenger movements,61.5,64.8,67.4,derived,D,60,80,80,derived_scenario,D,,,,unavailable,E,,,,unavailable,E,30,30,30,assumption,D,,,,unavailable,E,,unavailable: incomplete vector,3,0.5,Research scenario; not a forecast,CAG passenger movements; dwell time is explicit assumption,"Full vector contract present; null is unavailable, not zero"
AVI-PAX,aviation,Changi passenger airport system,SEVERE_72H,"Severe disruption, 72 hours",14400,24000,36000,derived,Annual passengers / 365 x assumed 3-hour dwell / 24; low/high vary by 0.6/1.5,191726.02739726027,0.85,72,0.1,10560270,passenger movements,61.5,64.8,67.4,derived,D,80,100,100,derived_scenario,D,,,,unavailable,E,,,,unavailable,E,50,50,75,assumption,D,,,,unavailable,E,,unavailable: incomplete vector,3,0.5,Stress scenario; not a forecast,CAG passenger movements; dwell time is explicit assumption,"Full vector contract present; null is unavailable, not zero"
AVI-PAX,aviation,Changi passenger airport system,SUBSTITUTE,Disruption with strong substitution,14400,24000,36000,derived,Annual passengers / 365 x assumed 3-hour dwell / 24; low/high vary by 0.6/1.5,191726.02739726027,0.5,12,0.7,345107,passenger movements,61.5,64.8,67.4,derived,D,60,60,60,derived_scenario,D,,,,unavailable,E,,,,unavailable,E,30,30,30,assumption,D,,,,unavailable,E,,unavailable: incomplete vector,3,0.5,Tests effect of alternatives; capacity is assumed,CAG passenger movements; dwell time is explicit assumption,"Full vector contract present; null is unavailable, not zero"
AVI-PAX,aviation,Changi passenger airport system,PEAK_PARTIAL,Peak-state partial disruption,18000,30000,45000,derived,Annual passengers / 365 x assumed 3-hour dwell / 24; low/high vary by 0.6/1.5,191726.02739726027,0.35,6,0.25,301968,passenger movements,63,66.3,68.9,derived,D,60,60,60,derived_scenario,D,,,,unavailable,E,,,,unavailable,E,30,30,30,assumption,D,,,,unavailable,E,,unavailable: incomplete vector,3,0.5,Combined demand and disruption stress,CAG passenger movements; dwell time is explicit assumption,"Full vector contract present; null is unavailable, not zero"
AVI-PAX,aviation,Changi passenger airport system,RECOVERY,Recovery-constrained case,14400,24000,36000,derived,Annual passengers / 365 x assumed 3-hour dwell / 24; low/high vary by 0.6/1.5,191726.02739726027,0.5,24,0.2,1840570,passenger movements,61.5,64.8,67.4,derived,D,80,80,80,derived_scenario,D,,,,unavailable,E,,,,unavailable,E,75,75,100,assumption,D,,,,unavailable,E,,unavailable: incomplete vector,3,0.5,90-day time-to-90% assumption,CAG passenger movements; dwell time is explicit assumption,"Full vector contract present; null is unavailable, not zero"
AVI-CARGO,aviation,Changi air-freight system,BASE,Normal baseline,,,,unavailable,Cargo workforce unavailable publicly,5698.630136986301,0,0,1,0,tonnes/day,,,,unavailable,E,0,0,0,derived_scenario,D,,,,unavailable,E,,,,unavailable,E,5,5,5,assumption,D,,,,unavailable,E,,unavailable: incomplete vector,2,0.3333333333333333,Reference operating state,CAG air-freight movements,"Full vector contract present; null is unavailable, not zero"
AVI-CARGO,aviation,Changi air-freight system,PEAK,Peak demand or throughput,,,,unavailable,Cargo workforce unavailable publicly,5698.630136986301,0,0,1,0,tonnes/day,,,,unavailable,E,0,0,0,derived_scenario,D,,,,unavailable,E,,,,unavailable,E,5,5,5,assumption,D,,,,unavailable,E,,unavailable: incomplete vector,2,0.3333333333333333,High demand/throughput without service loss,CAG air-freight movements,"Full vector contract present; null is unavailable, not zero"
AVI-CARGO,aviation,Changi air-freight system,PARTIAL_2H,"Partial disruption, 2 hours",,,,unavailable,Cargo workforce unavailable publicly,5698.630136986301,0.25,2,0.35,1852,tonnes/day,,,,unavailable,E,25,25,25,derived_scenario,D,,,,unavailable,E,,,,unavailable,E,15,15,15,assumption,D,,,,unavailable,E,,unavailable: incomplete vector,2,0.3333333333333333,Research scenario; not a forecast,CAG air-freight movements,"Full vector contract present; null is unavailable, not zero"
AVI-CARGO,aviation,Changi air-freight system,MAJOR_12H,"Major disruption, 12 hours",,,,unavailable,Cargo workforce unavailable publicly,5698.630136986301,0.6,12,0.2,32824,tonnes/day,,,,unavailable,E,40,40,40,derived_scenario,D,,,,unavailable,E,,,,unavailable,E,30,30,30,assumption,D,,,,unavailable,E,,unavailable: incomplete vector,2,0.3333333333333333,Research scenario; not a forecast,CAG air-freight movements,"Full vector contract present; null is unavailable, not zero"
AVI-CARGO,aviation,Changi air-freight system,SEVERE_72H,"Severe disruption, 72 hours",,,,unavailable,Cargo workforce unavailable publicly,5698.630136986301,0.85,72,0.1,313881,tonnes/day,,,,unavailable,E,60,60,60,derived_scenario,D,,,,unavailable,E,,,,unavailable,E,50,50,75,assumption,D,,,,unavailable,E,,unavailable: incomplete vector,2,0.3333333333333333,Stress scenario; not a forecast,CAG air-freight movements,"Full vector contract present; null is unavailable, not zero"
AVI-CARGO,aviation,Changi air-freight system,SUBSTITUTE,Disruption with strong substitution,,,,unavailable,Cargo workforce unavailable publicly,5698.630136986301,0.5,12,0.7,10258,tonnes/day,,,,unavailable,E,25,40,40,derived_scenario,D,,,,unavailable,E,,,,unavailable,E,30,30,30,assumption,D,,,,unavailable,E,,unavailable: incomplete vector,2,0.3333333333333333,Tests effect of alternatives; capacity is assumed,CAG air-freight movements,"Full vector contract present; null is unavailable, not zero"
AVI-CARGO,aviation,Changi air-freight system,PEAK_PARTIAL,Peak-state partial disruption,,,,unavailable,Cargo workforce unavailable publicly,5698.630136986301,0.35,6,0.25,8975,tonnes/day,,,,unavailable,E,25,25,40,derived_scenario,D,,,,unavailable,E,,,,unavailable,E,30,30,30,assumption,D,,,,unavailable,E,,unavailable: incomplete vector,2,0.3333333333333333,Combined demand and disruption stress,CAG air-freight movements,"Full vector contract present; null is unavailable, not zero"
AVI-CARGO,aviation,Changi air-freight system,RECOVERY,Recovery-constrained case,,,,unavailable,Cargo workforce unavailable publicly,5698.630136986301,0.5,24,0.2,54707,tonnes/day,,,,unavailable,E,40,40,40,derived_scenario,D,,,,unavailable,E,,,,unavailable,E,75,75,100,assumption,D,,,,unavailable,E,,unavailable: incomplete vector,2,0.3333333333333333,90-day time-to-90% assumption,CAG air-freight movements,"Full vector contract present; null is unavailable, not zero"
AVI-ATM,aviation,Singapore civil air-navigation service,BASE,Normal baseline,,,,unavailable,Controller/workforce count unavailable publicly,1024.6575342465753,0,0,1,0,aircraft movements/day,,,,unavailable,E,0,0,0,derived_scenario,D,,,,unavailable,E,,,,unavailable,E,5,5,5,assumption,D,,,,unavailable,E,,unavailable: incomplete vector,2,0.3333333333333333,Reference operating state,CAG movements and CAAS 24-hour ATFM role,"Full vector contract present; null is unavailable, not zero"
AVI-ATM,aviation,Singapore civil air-navigation service,PEAK,Peak demand or throughput,,,,unavailable,Controller/workforce count unavailable publicly,1024.6575342465753,0,0,1,0,aircraft movements/day,,,,unavailable,E,0,0,0,derived_scenario,D,,,,unavailable,E,,,,unavailable,E,5,5,5,assumption,D,,,,unavailable,E,,unavailable: incomplete vector,2,0.3333333333333333,High demand/throughput without service loss,CAG movements and CAAS 24-hour ATFM role,"Full vector contract present; null is unavailable, not zero"
AVI-ATM,aviation,Singapore civil air-navigation service,PARTIAL_2H,"Partial disruption, 2 hours",,,,unavailable,Controller/workforce count unavailable publicly,1024.6575342465753,0.25,2,0.35,333,aircraft movements/day,,,,unavailable,E,10,10,10,derived_scenario,D,,,,unavailable,E,,,,unavailable,E,15,15,15,assumption,D,,,,unavailable,E,,unavailable: incomplete vector,2,0.3333333333333333,Research scenario; not a forecast,CAG movements and CAAS 24-hour ATFM role,"Full vector contract present; null is unavailable, not zero"
AVI-ATM,aviation,Singapore civil air-navigation service,MAJOR_12H,"Major disruption, 12 hours",,,,unavailable,Controller/workforce count unavailable publicly,1024.6575342465753,0.6,12,0.2,5902,aircraft movements/day,,,,unavailable,E,25,25,25,derived_scenario,D,,,,unavailable,E,,,,unavailable,E,30,30,30,assumption,D,,,,unavailable,E,,unavailable: incomplete vector,2,0.3333333333333333,Research scenario; not a forecast,CAG movements and CAAS 24-hour ATFM role,"Full vector contract present; null is unavailable, not zero"
AVI-ATM,aviation,Singapore civil air-navigation service,SEVERE_72H,"Severe disruption, 72 hours",,,,unavailable,Controller/workforce count unavailable publicly,1024.6575342465753,0.85,72,0.1,56438,aircraft movements/day,,,,unavailable,E,40,40,40,derived_scenario,D,,,,unavailable,E,,,,unavailable,E,50,50,75,assumption,D,,,,unavailable,E,,unavailable: incomplete vector,2,0.3333333333333333,Stress scenario; not a forecast,CAG movements and CAAS 24-hour ATFM role,"Full vector contract present; null is unavailable, not zero"
AVI-ATM,aviation,Singapore civil air-navigation service,SUBSTITUTE,Disruption with strong substitution,,,,unavailable,Controller/workforce count unavailable publicly,1024.6575342465753,0.5,12,0.7,1844,aircraft movements/day,,,,unavailable,E,25,25,25,derived_scenario,D,,,,unavailable,E,,,,unavailable,E,30,30,30,assumption,D,,,,unavailable,E,,unavailable: incomplete vector,2,0.3333333333333333,Tests effect of alternatives; capacity is assumed,CAG movements and CAAS 24-hour ATFM role,"Full vector contract present; null is unavailable, not zero"
AVI-ATM,aviation,Singapore civil air-navigation service,PEAK_PARTIAL,Peak-state partial disruption,,,,unavailable,Controller/workforce count unavailable publicly,1024.6575342465753,0.35,6,0.25,1614,aircraft movements/day,,,,unavailable,E,10,25,25,derived_scenario,D,,,,unavailable,E,,,,unavailable,E,30,30,30,assumption,D,,,,unavailable,E,,unavailable: incomplete vector,2,0.3333333333333333,Combined demand and disruption stress,CAG movements and CAAS 24-hour ATFM role,"Full vector contract present; null is unavailable, not zero"
AVI-ATM,aviation,Singapore civil air-navigation service,RECOVERY,Recovery-constrained case,,,,unavailable,Controller/workforce count unavailable publicly,1024.6575342465753,0.5,24,0.2,9837,aircraft movements/day,,,,unavailable,E,25,25,40,derived_scenario,D,,,,unavailable,E,,,,unavailable,E,75,75,100,assumption,D,,,,unavailable,E,,unavailable: incomplete vector,2,0.3333333333333333,90-day time-to-90% assumption,CAG movements and CAAS 24-hour ATFM role,"Full vector contract present; null is unavailable, not zero"
PORT-CONT,port,Singapore container-port system,BASE,Normal baseline,,,,unavailable,Terminal workforce/crew occupancy unavailable publicly,122356.16438356164,0,0,1,0,TEU/day,,,,unavailable,E,0,0,0,derived_scenario,D,,,,unavailable,E,,,,unavailable,E,5,5,5,assumption,D,,,,unavailable,E,,unavailable: incomplete vector,2,0.3333333333333333,Reference operating state,MPA annual container throughput,"Full vector contract present; null is unavailable, not zero"
PORT-CONT,port,Singapore container-port system,PEAK,Peak demand or throughput,,,,unavailable,Terminal workforce/crew occupancy unavailable publicly,122356.16438356164,0,0,1,0,TEU/day,,,,unavailable,E,0,0,0,derived_scenario,D,,,,unavailable,E,,,,unavailable,E,5,5,5,assumption,D,,,,unavailable,E,,unavailable: incomplete vector,2,0.3333333333333333,High demand/throughput without service loss,MPA annual container throughput,"Full vector contract present; null is unavailable, not zero"
PORT-CONT,port,Singapore container-port system,PARTIAL_2H,"Partial disruption, 2 hours",,,,unavailable,Terminal workforce/crew occupancy unavailable publicly,122356.16438356164,0.25,2,0.35,39766,TEU/day,,,,unavailable,E,40,40,40,derived_scenario,D,,,,unavailable,E,,,,unavailable,E,15,15,15,assumption,D,,,,unavailable,E,,unavailable: incomplete vector,2,0.3333333333333333,Research scenario; not a forecast,MPA annual container throughput,"Full vector contract present; null is unavailable, not zero"
PORT-CONT,port,Singapore container-port system,MAJOR_12H,"Major disruption, 12 hours",,,,unavailable,Terminal workforce/crew occupancy unavailable publicly,122356.16438356164,0.6,12,0.2,704772,TEU/day,,,,unavailable,E,60,60,80,derived_scenario,D,,,,unavailable,E,,,,unavailable,E,30,30,30,assumption,D,,,,unavailable,E,,unavailable: incomplete vector,2,0.3333333333333333,Research scenario; not a forecast,MPA annual container throughput,"Full vector contract present; null is unavailable, not zero"
PORT-CONT,port,Singapore container-port system,SEVERE_72H,"Severe disruption, 72 hours",,,,unavailable,Terminal workforce/crew occupancy unavailable publicly,122356.16438356164,0.85,72,0.1,6739378,TEU/day,,,,unavailable,E,80,80,100,derived_scenario,D,,,,unavailable,E,,,,unavailable,E,50,50,75,assumption,D,,,,unavailable,E,,unavailable: incomplete vector,2,0.3333333333333333,Stress scenario; not a forecast,MPA annual container throughput,"Full vector contract present; null is unavailable, not zero"
PORT-CONT,port,Singapore container-port system,SUBSTITUTE,Disruption with strong substitution,,,,unavailable,Terminal workforce/crew occupancy unavailable publicly,122356.16438356164,0.5,12,0.7,220241,TEU/day,,,,unavailable,E,60,60,60,derived_scenario,D,,,,unavailable,E,,,,unavailable,E,30,30,30,assumption,D,,,,unavailable,E,,unavailable: incomplete vector,2,0.3333333333333333,Tests effect of alternatives; capacity is assumed,MPA annual container throughput,"Full vector contract present; null is unavailable, not zero"
PORT-CONT,port,Singapore container-port system,PEAK_PARTIAL,Peak-state partial disruption,,,,unavailable,Terminal workforce/crew occupancy unavailable publicly,122356.16438356164,0.35,6,0.25,192711,TEU/day,,,,unavailable,E,60,60,60,derived_scenario,D,,,,unavailable,E,,,,unavailable,E,30,30,30,assumption,D,,,,unavailable,E,,unavailable: incomplete vector,2,0.3333333333333333,Combined demand and disruption stress,MPA annual container throughput,"Full vector contract present; null is unavailable, not zero"
PORT-CONT,port,Singapore container-port system,RECOVERY,Recovery-constrained case,,,,unavailable,Terminal workforce/crew occupancy unavailable publicly,122356.16438356164,0.5,24,0.2,1174619,TEU/day,,,,unavailable,E,60,80,80,derived_scenario,D,,,,unavailable,E,,,,unavailable,E,75,75,100,assumption,D,,,,unavailable,E,,unavailable: incomplete vector,2,0.3333333333333333,90-day time-to-90% assumption,MPA annual container throughput,"Full vector contract present; null is unavailable, not zero"
PORT-VES,port,Singapore vessel-arrival and marine-services system,BASE,Normal baseline,,,,unavailable,Crew and shore workforce unavailable publicly,8821917.808219178,0,0,1,0,gross tonnes/day,,,,unavailable,E,0,0,0,derived_scenario,D,,,,unavailable,E,,,,unavailable,E,5,5,5,assumption,D,,,,unavailable,E,,unavailable: incomplete vector,2,0.3333333333333333,Reference operating state,MPA vessel-arrival tonnage,"Full vector contract present; null is unavailable, not zero"
PORT-VES,port,Singapore vessel-arrival and marine-services system,PEAK,Peak demand or throughput,,,,unavailable,Crew and shore workforce unavailable publicly,8821917.808219178,0,0,1,0,gross tonnes/day,,,,unavailable,E,0,0,0,derived_scenario,D,,,,unavailable,E,,,,unavailable,E,5,5,5,assumption,D,,,,unavailable,E,,unavailable: incomplete vector,2,0.3333333333333333,High demand/throughput without service loss,MPA vessel-arrival tonnage,"Full vector contract present; null is unavailable, not zero"
PORT-VES,port,Singapore vessel-arrival and marine-services system,PARTIAL_2H,"Partial disruption, 2 hours",,,,unavailable,Crew and shore workforce unavailable publicly,8821917.808219178,0.25,2,0.35,2867123,gross tonnes/day,,,,unavailable,E,80,80,80,derived_scenario,D,,,,unavailable,E,,,,unavailable,E,15,15,15,assumption,D,,,,unavailable,E,,unavailable: incomplete vector,2,0.3333333333333333,Research scenario; not a forecast,MPA vessel-arrival tonnage,"Full vector contract present; null is unavailable, not zero"
PORT-VES,port,Singapore vessel-arrival and marine-services system,MAJOR_12H,"Major disruption, 12 hours",,,,unavailable,Crew and shore workforce unavailable publicly,8821917.808219178,0.6,12,0.2,50814247,gross tonnes/day,,,,unavailable,E,100,100,100,derived_scenario,D,,,,unavailable,E,,,,unavailable,E,30,30,30,assumption,D,,,,unavailable,E,,unavailable: incomplete vector,2,0.3333333333333333,Research scenario; not a forecast,MPA vessel-arrival tonnage,"Full vector contract present; null is unavailable, not zero"
PORT-VES,port,Singapore vessel-arrival and marine-services system,SEVERE_72H,"Severe disruption, 72 hours",,,,unavailable,Crew and shore workforce unavailable publicly,8821917.808219178,0.85,72,0.1,485911233,gross tonnes/day,,,,unavailable,E,100,100,100,derived_scenario,D,,,,unavailable,E,,,,unavailable,E,50,50,75,assumption,D,,,,unavailable,E,,unavailable: incomplete vector,2,0.3333333333333333,Stress scenario; not a forecast,MPA vessel-arrival tonnage,"Full vector contract present; null is unavailable, not zero"
PORT-VES,port,Singapore vessel-arrival and marine-services system,SUBSTITUTE,Disruption with strong substitution,,,,unavailable,Crew and shore workforce unavailable publicly,8821917.808219178,0.5,12,0.7,15879452,gross tonnes/day,,,,unavailable,E,80,100,100,derived_scenario,D,,,,unavailable,E,,,,unavailable,E,30,30,30,assumption,D,,,,unavailable,E,,unavailable: incomplete vector,2,0.3333333333333333,Tests effect of alternatives; capacity is assumed,MPA vessel-arrival tonnage,"Full vector contract present; null is unavailable, not zero"
PORT-VES,port,Singapore vessel-arrival and marine-services system,PEAK_PARTIAL,Peak-state partial disruption,,,,unavailable,Crew and shore workforce unavailable publicly,8821917.808219178,0.35,6,0.25,13894521,gross tonnes/day,,,,unavailable,E,80,100,100,derived_scenario,D,,,,unavailable,E,,,,unavailable,E,30,30,30,assumption,D,,,,unavailable,E,,unavailable: incomplete vector,2,0.3333333333333333,Combined demand and disruption stress,MPA vessel-arrival tonnage,"Full vector contract present; null is unavailable, not zero"
PORT-VES,port,Singapore vessel-arrival and marine-services system,RECOVERY,Recovery-constrained case,,,,unavailable,Crew and shore workforce unavailable publicly,8821917.808219178,0.5,24,0.2,84690411,gross tonnes/day,,,,unavailable,E,100,100,100,derived_scenario,D,,,,unavailable,E,,,,unavailable,E,75,75,100,assumption,D,,,,unavailable,E,,unavailable: incomplete vector,2,0.3333333333333333,90-day time-to-90% assumption,MPA vessel-arrival tonnage,"Full vector contract present; null is unavailable, not zero"
PORT-BUNK,port,Singapore marine-fuel supply aggregate,BASE,Normal baseline,,,,unavailable,Workforce/crew occupancy unavailable publicly,155534.24657534246,0,0,1,0,tonnes/day,,,,unavailable,E,0,0,0,derived_scenario,D,,,,unavailable,E,,,,unavailable,E,5,5,5,assumption,D,,,,unavailable,E,,unavailable: incomplete vector,2,0.3333333333333333,Reference operating state,MPA annual bunker sales; inventory quantities/locations excluded,"Full vector contract present; null is unavailable, not zero"
PORT-BUNK,port,Singapore marine-fuel supply aggregate,PEAK,Peak demand or throughput,,,,unavailable,Workforce/crew occupancy unavailable publicly,155534.24657534246,0,0,1,0,tonnes/day,,,,unavailable,E,0,0,0,derived_scenario,D,,,,unavailable,E,,,,unavailable,E,5,5,5,assumption,D,,,,unavailable,E,,unavailable: incomplete vector,2,0.3333333333333333,High demand/throughput without service loss,MPA annual bunker sales; inventory quantities/locations excluded,"Full vector contract present; null is unavailable, not zero"
PORT-BUNK,port,Singapore marine-fuel supply aggregate,PARTIAL_2H,"Partial disruption, 2 hours",,,,unavailable,Workforce/crew occupancy unavailable publicly,155534.24657534246,0.25,2,0.35,50549,tonnes/day,,,,unavailable,E,40,40,40,derived_scenario,D,,,,unavailable,E,,,,unavailable,E,15,15,15,assumption,D,,,,unavailable,E,,unavailable: incomplete vector,2,0.3333333333333333,Research scenario; not a forecast,MPA annual bunker sales; inventory quantities/locations excluded,"Full vector contract present; null is unavailable, not zero"
PORT-BUNK,port,Singapore marine-fuel supply aggregate,MAJOR_12H,"Major disruption, 12 hours",,,,unavailable,Workforce/crew occupancy unavailable publicly,155534.24657534246,0.6,12,0.2,895877,tonnes/day,,,,unavailable,E,60,60,80,derived_scenario,D,,,,unavailable,E,,,,unavailable,E,30,30,30,assumption,D,,,,unavailable,E,,unavailable: incomplete vector,2,0.3333333333333333,Research scenario; not a forecast,MPA annual bunker sales; inventory quantities/locations excluded,"Full vector contract present; null is unavailable, not zero"
PORT-BUNK,port,Singapore marine-fuel supply aggregate,SEVERE_72H,"Severe disruption, 72 hours",,,,unavailable,Workforce/crew occupancy unavailable publicly,155534.24657534246,0.85,72,0.1,8566826,tonnes/day,,,,unavailable,E,80,80,100,derived_scenario,D,,,,unavailable,E,,,,unavailable,E,50,50,75,assumption,D,,,,unavailable,E,,unavailable: incomplete vector,2,0.3333333333333333,Stress scenario; not a forecast,MPA annual bunker sales; inventory quantities/locations excluded,"Full vector contract present; null is unavailable, not zero"
PORT-BUNK,port,Singapore marine-fuel supply aggregate,SUBSTITUTE,Disruption with strong substitution,,,,unavailable,Workforce/crew occupancy unavailable publicly,155534.24657534246,0.5,12,0.7,279962,tonnes/day,,,,unavailable,E,60,60,60,derived_scenario,D,,,,unavailable,E,,,,unavailable,E,30,30,30,assumption,D,,,,unavailable,E,,unavailable: incomplete vector,2,0.3333333333333333,Tests effect of alternatives; capacity is assumed,MPA annual bunker sales; inventory quantities/locations excluded,"Full vector contract present; null is unavailable, not zero"
PORT-BUNK,port,Singapore marine-fuel supply aggregate,PEAK_PARTIAL,Peak-state partial disruption,,,,unavailable,Workforce/crew occupancy unavailable publicly,155534.24657534246,0.35,6,0.25,244966,tonnes/day,,,,unavailable,E,60,60,60,derived_scenario,D,,,,unavailable,E,,,,unavailable,E,30,30,30,assumption,D,,,,unavailable,E,,unavailable: incomplete vector,2,0.3333333333333333,Combined demand and disruption stress,MPA annual bunker sales; inventory quantities/locations excluded,"Full vector contract present; null is unavailable, not zero"
PORT-BUNK,port,Singapore marine-fuel supply aggregate,RECOVERY,Recovery-constrained case,,,,unavailable,Workforce/crew occupancy unavailable publicly,155534.24657534246,0.5,24,0.2,1493129,tonnes/day,,,,unavailable,E,60,80,80,derived_scenario,D,,,,unavailable,E,,,,unavailable,E,75,75,100,assumption,D,,,,unavailable,E,,unavailable: incomplete vector,2,0.3333333333333333,90-day time-to-90% assumption,MPA annual bunker sales; inventory quantities/locations excluded,"Full vector contract present; null is unavailable, not zero"