id,sector,name,unit,beneficiaries,flow,flow_unit,h,h_method,v,e_role,r_base,public_basis,D_requirement,X_requirement,A_requirement,location_resolution
ENE-ELEC,energy,Singapore electricity system,people served,6111200,8045,MW peak demand,,Onsite workforce unavailable publicly,35,electricity supply,50,"EMA system demand, generation, capacity and reliability",authorised input,verified dependency edges,operator inventory bands,system aggregate only
ENE-GAS,energy,National natural-gas supply aggregate,people/service users,6111200,453040,TJ annual supply (2024),,Onsite workforce unavailable publicly,35,generation fuel and direct gas supply,60,EMA natural-gas balance; component details withheld,authorised input,verified dependency edges,operator inventory bands,system aggregate only
ENE-SOLAR,energy,Distributed solar generation aggregate,system beneficiaries,6111200,1367,MWac capacity (1H 2025),,Distributed sites; no unified onsite occupancy,20,distributed generation contribution,30,EMA technology capacity aggregate,authorised input,verified dependency edges,operator inventory bands,system aggregate only
WAT-POT,water,National potable-water supply system,people served,6111200,517.6,million m3 sold (2024),,Onsite workforce unavailable publicly,50,potable water,60,PUB 100% service and potable-water sales,authorised input,verified dependency edges,operator inventory bands,system aggregate only
WAT-NEW,water,NEWater supply aggregate,industrial/system users,3666720,148.3,million m3 sold (2024),,Onsite workforce unavailable publicly,40,recycled high-grade water,55,PUB NEWater sales; beneficiary count is broad proxy,authorised input,verified dependency edges,operator inventory bands,system aggregate only
WAT-USED,water,Used-water and sanitation system,people served,6111200,6111200,population service proxy,,Onsite workforce unavailable publicly,55,sanitation and used-water conveyance,65,PUB reports 100% population served by modern sanitation,authorised input,verified dependency edges,operator inventory bands,system aggregate only
WAT-DRAIN,water,Stormwater and drainage monitoring system,population exposure proxy,6111200,,sensor network; count retained in source dataset,,Distributed outdoor workforce/road users not quantified,35,flood monitoring and drainage,45,PUB water-level sensor inventory and flood-resilience reporting,authorised input,verified dependency edges,operator inventory bands,system aggregate only
AVI-PAX,aviation,Changi passenger airport system,passenger movements,191726,69980000,annual passenger movements (2025),24000,Annual passengers / 365 x assumed 3-hour dwell / 24; low/high vary by 0.6/1.5,35,passenger connectivity,55,CAG passenger movements; dwell time is explicit assumption,authorised input,verified dependency edges,operator inventory bands,system aggregate only
AVI-CARGO,aviation,Changi air-freight system,tonnes/day,5699,2080000,annual tonnes (2025),,Cargo workforce unavailable publicly,25,air cargo and supply-chain connectivity,55,CAG air-freight movements,authorised input,verified dependency edges,operator inventory bands,system aggregate only
AVI-ATM,aviation,Singapore civil air-navigation service,aircraft movements/day,1025,374000,annual commercial aircraft movements (2025),,Controller/workforce count unavailable publicly,35,civil air traffic management,60,CAG movements and CAAS 24-hour ATFM role,authorised input,verified dependency edges,operator inventory bands,system aggregate only
PORT-CONT,port,Singapore container-port system,TEU/day,122356,44660000,annual TEU (2025),,Terminal workforce/crew occupancy unavailable publicly,25,container logistics,60,MPA annual container throughput,authorised input,verified dependency edges,operator inventory bands,system aggregate only
PORT-VES,port,Singapore vessel-arrival and marine-services system,gross tonnes/day,8821918,3220000000,annual vessel-arrival GT (2025),,Crew and shore workforce unavailable publicly,30,vessel traffic and marine services,55,MPA vessel-arrival tonnage,authorised input,verified dependency edges,operator inventory bands,system aggregate only
PORT-BUNK,port,Singapore marine-fuel supply aggregate,tonnes/day,155534,56770000,annual bunker sales tonnes (2025),,Workforce/crew occupancy unavailable publicly,25,marine fuel supply,65,MPA annual bunker sales; inventory quantities/locations excluded,authorised input,verified dependency edges,operator inventory bands,system aggregate only